"0","df[,1]"
"1","  [1]"
"1"," ""Person_0001"""
"1"," ""Person_0002"""
"1"," ""Person_0003"""
"1"," ""Person_0004"""
"1"," ""Person_0005"""
"1"," ""Person_0006"""
"1"," ""Person_0007"""
"1"," ""Person_0008"""
"1"," ""Person_0009"""
"1","
"
"1"," [10]"
"1"," ""Person_0010"""
"1"," ""Person_0011"""
"1"," ""Person_0012"""
"1"," ""Person_0013"""
"1"," ""Person_0014"""
"1"," ""Person_0015"""
"1"," ""Person_0016"""
"1"," ""Person_0017"""
"1"," ""Person_0018"""
"1","
"
"1"," [19]"
"1"," ""Person_0019"""
"1"," ""Person_0020"""
"1"," ""Person_0021"""
"1"," ""Person_0022"""
"1"," ""Person_0023"""
"1"," ""Person_0024"""
"1"," ""Person_0025"""
"1"," ""Person_0026"""
"1"," ""Person_0027"""
"1","
"
"1"," [28]"
"1"," ""Person_0028"""
"1"," ""Person_0029"""
"1"," ""Person_0030"""
"1"," ""Person_0031"""
"1"," ""Person_0032"""
"1"," ""Person_0033"""
"1"," ""Person_0034"""
"1"," ""Person_0035"""
"1"," ""Person_0036"""
"1","
"
"1"," [37]"
"1"," ""Person_0037"""
"1"," ""Person_0038"""
"1"," ""Person_0039"""
"1"," ""Person_0040"""
"1"," ""Person_0041"""
"1"," ""Person_0042"""
"1"," ""Person_0043"""
"1"," ""Person_0044"""
"1"," ""Person_0045"""
"1","
"
"1"," [46]"
"1"," ""Person_0046"""
"1"," ""Person_0047"""
"1"," ""Person_0048"""
"1"," ""Person_0049"""
"1"," ""Person_0050"""
"1"," ""Person_0051"""
"1"," ""Person_0052"""
"1"," ""Person_0053"""
"1"," ""Person_0054"""
"1","
"
"1"," [55]"
"1"," ""Person_0055"""
"1"," ""Person_0056"""
"1"," ""Person_0057"""
"1"," ""Person_0058"""
"1"," ""Person_0059"""
"1"," ""Person_0060"""
"1"," ""Person_0061"""
"1"," ""Person_0062"""
"1"," ""Person_0063"""
"1","
"
"1"," [64]"
"1"," ""Person_0064"""
"1"," ""Person_0065"""
"1"," ""Person_0066"""
"1"," ""Person_0067"""
"1"," ""Person_0068"""
"1"," ""Person_0069"""
"1"," ""Person_0070"""
"1"," ""Person_0071"""
"1"," ""Person_0072"""
"1","
"
"1"," [73]"
"1"," ""Person_0073"""
"1"," ""Person_0074"""
"1"," ""Person_0075"""
"1"," ""Person_0076"""
"1"," ""Person_0077"""
"1"," ""Person_0078"""
"1"," ""Person_0079"""
"1"," ""Person_0080"""
"1"," ""Person_0081"""
"1","
"
"1"," [82]"
"1"," ""Person_0082"""
"1"," ""Person_0083"""
"1"," ""Person_0084"""
"1"," ""Person_0085"""
"1"," ""Person_0086"""
"1"," ""Person_0087"""
"1"," ""Person_0088"""
"1"," ""Person_0089"""
"1"," ""Person_0090"""
"1","
"
"1"," [91]"
"1"," ""Person_0091"""
"1"," ""Person_0092"""
"1"," ""Person_0093"""
"1"," ""Person_0094"""
"1"," ""Person_0095"""
"1"," ""Person_0096"""
"1"," ""Person_0097"""
"1"," ""Person_0098"""
"1"," ""Person_0099"""
"1","
"
"1","[100]"
"1"," ""Person_0100"""
"1","
"
"0","tf[,1]"
